user_id,day_type,latitude,longitude,poi_type,frequency,duration
0,weekday,-85.498064,-80.989445,park,18,3.81
0,weekday,31.805908,141.184644,restaurant,76,2.4
0,weekday,-84.636501,-101.290329,school,78,0.62
0,weekday,-54.209223,53.958398,school,54,1.49
0,weekend,55.697482,-177.660447,park,90,2.4
0,weekend,-39.983158,-102.487046,shop,14,0.92
0,weekend,-72.591052,125.097972,school,34,4.13
0,weekend,41.351722,13.042113,gym,11,2.98
0,weekend,59.29284,42.667111,shop,74,1.37
0,weekend,-77.480073,58.054795,shop,11,4.35
0,weekend,65.96706,-43.154559,gym,82,4.25
1,weekday,-68.480147,12.911028,office,24,1.36
1,weekday,42.948838,-80.460134,school,98,2.86
1,weekday,-39.060233,-143.810601,park,38,1.52
1,weekday,-57.700522,-174.906588,school,17,1.73
1,weekday,85.373088,19.209228,office,17,3.37
1,weekday,45.502592,-143.068447,restaurant,74,1.78
1,weekday,-3.831442,-57.345864,restaurant,33,4.73
1,weekday,-4.008746,115.961632,gym,63,0.83
1,weekend,-62.689139,112.011147,shop,11,4.97
1,weekend,-68.678719,95.19964,school,77,4.06
1,weekend,-49.376315,8.126113,gym,57,1.84
2,weekday,-26.802048,164.960406,office,19,1.56
2,weekday,-63.640041,-108.982151,school,20,3.92
2,weekday,27.991622,-116.227394,office,64,2.59
2,weekday,11.472387,28.608512,office,73,3.39
2,weekday,87.575751,-63.645033,office,41,1.18
2,weekday,-77.708473,-20.805097,shop,36,3.16
2,weekday,-26.6504,-153.291364,gym,58,0.67
2,weekday,-23.627232,-76.652268,office,12,3.27
2,weekend,-6.711901,19.553894,office,6,2.52
2,weekend,55.766865,54.661484,shop,78,2.64
2,weekend,-62.845006,-157.725468,restaurant,44,4.92
2,weekend,-74.820756,52.605753,restaurant,32,3.68
2,weekend,88.377484,8.664679,school,21,2.14
2,weekend,75.228622,-40.530039,shop,87,3.19
2,weekend,52.060848,53.029929,restaurant,43,0.93
2,weekend,32.108282,-77.707089,office,85,4.84
2,weekend,18.486146,-125.865602,restaurant,75,3.49
3,weekday,39.12445,-143.803834,park,1,4.84
3,weekday,86.023928,-123.141213,office,61,2.65
3,weekday,-54.097925,167.009054,shop,37,3.41
3,weekday,73.428653,-147.794141,school,30,2.91
3,weekday,40.161182,157.200977,park,54,4.47
3,weekday,-58.358033,151.068532,gym,64,1.34
3,weekday,44.820576,134.024647,shop,5,0.54
3,weekday,12.233136,-141.371751,shop,37,2.54
3,weekend,70.066793,-131.688019,school,60,1.73
3,weekend,55.586498,-60.953725,office,59,3.42
3,weekend,39.347671,-174.92969,shop,38,3.06
3,weekend,46.310895,-116.821831,office,52,4.22
3,weekend,2.750519,-148.774403,office,13,1.33
3,weekend,-64.689862,-63.503399,park,1,1.67
3,weekend,-47.606174,91.352395,shop,39,3.12
3,weekend,13.117923,-85.840866,shop,89,1.56
3,weekend,30.201501,-12.457803,park,52,3.59
3,weekend,76.159083,139.608509,shop,89,1.03
4,weekday,65.794002,162.663102,gym,18,1.38
4,weekday,-20.890048,22.169548,office,64,2.34
4,weekday,-1.489342,75.651254,gym,63,1.25
4,weekend,53.25856,-100.609378,restaurant,36,1.51
4,weekend,-38.039344,101.066471,school,96,3.98
4,weekend,-0.843598,3.890153,school,15,1.71
5,weekday,-36.467883,-145.470268,gym,74,2.97
5,weekday,-1.62931,-160.378253,restaurant,55,0.89
5,weekday,58.301515,45.032743,gym,26,0.94
5,weekday,-52.748463,49.748637,restaurant,61,4.3
5,weekday,-34.496388,-36.911755,gym,85,1.69
5,weekday,25.535949,-40.490238,shop,49,2.16
5,weekday,-9.760451,-85.213452,gym,34,1.52
5,weekend,11.564386,-125.592957,office,86,0.94
5,weekend,30.265411,110.944857,gym,97,3.15
5,weekend,9.648343,122.68698,school,54,4.85
5,weekend,33.672228,157.090117,school,31,2.64
5,weekend,-75.788091,144.999792,office,5,2.76
5,weekend,72.081911,108.162121,office,80,1.16
5,weekend,80.865867,-18.345695,park,28,4.14
6,weekday,37.744073,-124.269949,park,42,3.19
6,weekday,49.258971,45.131999,office,39,2.71
6,weekday,13.081858,-51.089188,office,41,2.86
6,weekday,82.257789,7.418263,school,21,2.37
6,weekday,6.666471,-146.899601,park,28,3.49
6,weekday,-30.408023,-74.313231,school,68,2.64
6,weekday,11.040243,90.768152,office,2,1.02
6,weekday,-27.718688,-93.474764,office,79,4.63
6,weekday,-46.111111,-165.644191,shop,49,4.62
6,weekday,80.097781,-41.084663,school,93,1.77
6,weekend,2.575631,3.144813,gym,6,1.83
6,weekend,27.275075,-64.687407,restaurant,13,1.25
6,weekend,82.129717,13.670939,restaurant,81,0.79
6,weekend,30.660323,98.489616,office,55,4.26
6,weekend,-52.995678,118.349522,office,100,2.46
6,weekend,57.015783,-154.036622,office,20,0.61
6,weekend,39.036291,-166.360927,restaurant,7,1.3
6,weekend,-44.65656,-154.640847,park,34,2.33
7,weekday,8.738149,-131.358633,office,70,1.3
7,weekday,17.565156,47.177108,office,73,2.46
7,weekday,25.161572,12.162287,shop,62,2.93
7,weekday,54.847398,-20.93029,shop,53,1.67
7,weekday,-35.356875,-179.966755,park,45,1.79
7,weekday,6.3178,67.597187,gym,97,2.65
7,weekday,-88.356132,-25.043287,shop,77,1.54
7,weekend,8.678195,-112.114447,school,56,2.28
7,weekend,-60.611491,85.362427,gym,49,1.49
7,weekend,-75.742248,45.116285,school,98,4.1
8,weekday,82.878098,-178.728157,shop,2,2.56
8,weekday,63.97399,15.660417,restaurant,78,4.47
8,weekday,-47.181896,31.990438,gym,59,2.35
8,weekday,-75.707115,36.036758,park,71,1.75
8,weekday,23.154377,115.243701,park,7,1.33
8,weekend,27.589838,-166.780421,restaurant,86,3.1
8,weekend,18.591383,-60.800008,restaurant,7,0.99
8,weekend,88.872333,-121.919318,shop,79,3.47
9,weekday,55.278667,60.233911,gym,87,4.42
9,weekday,6.581051,86.77854,park,10,0.67
9,weekday,-64.513715,55.37935,gym,80,0.71
9,weekday,36.233426,-133.006416,park,81,0.72
9,weekday,-34.67928,105.730958,gym,79,1.27
9,weekday,16.387648,114.408064,restaurant,15,2.74
9,weekend,-78.64018,-107.04919,shop,95,3.55
9,weekend,-31.637711,171.307177,school,70,1.12
9,weekend,60.556877,105.516601,restaurant,76,1.28
9,weekend,-78.62006,-81.398391,gym,22,3.63
9,weekend,9.613391,-22.081964,school,6,1.1
9,weekend,52.389413,47.590061,gym,100,1.21
10,weekday,-69.687814,174.46059,restaurant,60,1.0
10,weekday,-65.535773,94.418525,office,37,3.01
10,weekday,-82.690459,-61.878453,restaurant,50,1.78
10,weekday,18.070112,-67.677512,gym,29,2.99
10,weekday,-37.693921,127.93164,park,9,4.53
10,weekday,54.438552,158.069521,shop,23,0.56
10,weekday,31.348604,61.954372,gym,57,2.85
10,weekday,31.77336,-137.081576,gym,52,3.63
10,weekday,85.962754,86.915577,park,9,2.14
10,weekend,-29.046304,34.185899,gym,16,1.55
10,weekend,-13.553243,-0.32036,office,99,3.12
10,weekend,-40.864898,104.217384,office,52,2.1
10,weekend,30.001862,162.049974,gym,66,1.76
10,weekend,48.23992,-141.1068,shop,63,2.74
10,weekend,23.106785,-131.540983,restaurant,95,0.74
11,weekday,-88.947527,-137.995826,park,84,2.65
11,weekday,34.525121,132.760988,office,78,3.77
11,weekday,-35.496003,112.727693,school,47,3.61
11,weekend,54.835332,-148.451353,park,2,1.36
11,weekend,56.87428,70.571679,park,4,1.44
11,weekend,26.75218,53.906337,gym,81,4.36
11,weekend,6.944856,-149.006323,gym,19,2.63
11,weekend,-86.072971,-120.202022,park,95,3.66
11,weekend,83.496037,-10.263888,gym,75,1.59
11,weekend,-36.930347,118.602275,gym,7,2.0
11,weekend,-71.520566,125.146631,gym,54,4.32
11,weekend,42.674096,34.502238,school,38,0.67
12,weekday,-8.385976,-12.884726,gym,80,3.29
12,weekday,-28.869035,157.530547,restaurant,59,2.83
12,weekday,15.806404,-141.117628,restaurant,77,3.71
12,weekend,72.786599,-134.646615,school,33,2.1
12,weekend,-3.348125,43.506319,park,32,1.12
12,weekend,-82.067258,-134.03493,school,56,2.81
12,weekend,27.306896,-51.21229,school,70,3.99
12,weekend,-63.466369,-68.877211,shop,38,2.16
12,weekend,-88.545268,31.118368,office,19,0.76
13,weekday,27.16314,153.546752,office,32,1.59
13,weekday,-83.788637,112.725508,office,91,3.54
13,weekday,35.544856,52.320073,shop,78,2.55
13,weekend,-44.228154,36.773758,office,21,0.56
13,weekend,48.774993,51.983061,gym,51,3.68
13,weekend,85.346206,-151.074606,park,55,1.25
13,weekend,-13.163135,69.061248,school,69,3.46
13,weekend,-21.09805,-69.127608,gym,97,4.44
14,weekday,-46.039276,86.033935,school,88,3.24
14,weekday,19.327238,167.273058,office,98,2.86
14,weekday,-49.487656,-152.955945,park,66,2.09
14,weekday,-80.836818,-1.61717,park,48,4.86
14,weekday,-29.167453,64.462742,school,99,4.36
14,weekday,-37.788347,-6.075114,shop,28,0.51
14,weekday,23.611762,-38.296269,shop,83,2.82
14,weekday,70.815214,156.749179,school,63,0.76
14,weekend,20.795445,-61.721352,shop,14,0.52
14,weekend,70.23533,-112.983226,shop,2,0.96
14,weekend,-1.431699,-149.492239,school,20,2.35
15,weekday,-33.530634,156.26015,park,9,1.76
15,weekday,-24.600912,-147.877473,park,91,3.97
15,weekday,-43.570062,-9.626057,shop,98,4.44
15,weekday,27.052575,-129.438992,restaurant,73,2.7
15,weekday,-24.57502,-76.814976,gym,80,4.63
15,weekday,-66.782837,-47.976384,school,41,2.18
15,weekday,32.796161,2.139275,shop,88,0.69
15,weekday,85.937695,-159.458877,park,90,4.2
15,weekday,-88.57027,127.101522,shop,49,1.21
15,weekday,-18.129524,-153.727676,gym,60,3.51
15,weekend,-6.142033,51.294414,gym,14,0.89
15,weekend,41.720062,150.285727,gym,99,2.45
15,weekend,-17.726315,-156.790249,shop,78,2.69
15,weekend,36.412351,-8.560991,shop,59,0.67
15,weekend,-61.966599,-10.811684,office,28,1.94
15,weekend,-84.361814,36.387869,gym,8,4.71
15,weekend,-24.931303,-25.160494,gym,28,0.74
15,weekend,66.243708,162.952203,office,55,1.71
16,weekday,87.7197,135.393422,park,34,4.6
16,weekday,-27.20789,-60.769559,school,54,4.75
16,weekday,-40.275516,-111.393841,school,67,3.66
16,weekday,60.150882,-135.733945,gym,73,4.86
16,weekday,52.621292,-76.172928,restaurant,64,4.67
16,weekday,-63.516404,65.132305,school,38,3.31
16,weekday,29.577658,-70.687584,shop,9,4.1
16,weekday,-87.193368,-165.256886,shop,76,1.06
16,weekday,-2.09404,-178.167511,shop,85,4.25
16,weekday,-81.017632,-130.421238,shop,65,3.49
16,weekend,81.663346,76.750956,park,94,1.39
16,weekend,15.340471,-150.941542,park,5,2.63
16,weekend,-26.166197,112.215272,office,50,2.4
16,weekend,84.043227,-144.670069,shop,39,3.19
16,weekend,-58.805646,-23.106143,shop,75,1.13
17,weekday,11.772429,179.212669,office,71,3.8
17,weekday,7.014129,-136.352746,school,7,3.23
17,weekday,28.655597,7.320959,shop,35,1.38
17,weekday,13.543872,147.985028,shop,32,4.1
17,weekday,85.945457,-96.879347,shop,96,4.88
17,weekday,34.753164,-19.797305,gym,47,0.86
17,weekend,74.634392,55.198774,school,30,2.52
17,weekend,-14.606959,24.963212,park,69,1.6
17,weekend,73.667833,62.677846,office,18,3.22
17,weekend,53.254071,-57.034151,restaurant,11,2.34
18,weekday,-40.896104,-108.279128,shop,34,3.64
18,weekday,-42.381874,-3.641162,school,47,2.07
18,weekday,25.528664,-18.117668,office,88,4.24
18,weekday,-83.388403,120.500709,gym,20,2.92
18,weekday,-52.080697,72.787488,shop,83,4.15
18,weekday,53.328852,-105.319095,office,65,2.98
18,weekend,-73.66365,98.427238,shop,28,2.6
18,weekend,-84.339351,-138.492653,office,81,1.34
18,weekend,-64.833249,31.255474,shop,73,2.2
18,weekend,15.910341,-167.814077,office,14,3.33
18,weekend,66.479238,-177.156611,gym,61,2.01
18,weekend,26.618636,-143.925232,shop,40,1.23
18,weekend,8.420059,90.736264,gym,79,2.55
19,weekday,11.391553,94.570289,restaurant,98,4.73
19,weekday,-80.044663,-32.836401,office,18,4.89
19,weekday,48.068748,-172.987336,office,26,1.44
19,weekday,39.001086,-73.87312,shop,4,1.95
19,weekday,52.365595,-62.753352,school,95,1.4
19,weekday,-51.303626,1.059632,shop,14,0.83
19,weekday,-61.12477,80.225694,office,76,2.61
19,weekday,84.803971,-163.440018,office,50,3.6
19,weekday,73.599722,-4.665115,shop,78,3.14
19,weekend,-71.740815,50.26632,shop,69,2.16
19,weekend,76.249097,-140.028915,park,96,0.83
19,weekend,85.892176,83.681647,park,20,3.15
20,weekday,72.009515,157.291982,shop,70,2.11
20,weekday,82.456397,-131.582591,office,32,4.08
20,weekday,14.212524,-145.216293,school,91,2.64
20,weekday,-33.572739,110.611285,school,30,3.74
20,weekday,39.161616,52.187746,school,29,2.59
20,weekday,13.366648,-160.847476,school,57,2.74
20,weekday,-11.486835,163.139044,park,3,3.02
20,weekday,10.619287,-159.283524,shop,62,4.4
20,weekend,-78.52017,-52.411582,office,36,3.06
20,weekend,80.523203,81.993781,office,77,2.71
20,weekend,36.759208,159.389335,gym,28,3.48
20,weekend,-34.23145,70.99415,shop,43,1.55
20,weekend,53.714942,2.863776,gym,19,3.95
21,weekday,35.994064,73.032514,restaurant,25,1.34
21,weekday,-32.14702,177.112949,park,51,3.36
21,weekday,16.615477,36.559427,school,82,1.78
21,weekday,-13.225805,116.808685,office,31,2.89
21,weekday,27.87159,168.530055,shop,37,3.89
21,weekday,-78.362399,-157.398128,shop,94,0.77
21,weekend,-75.60871,95.196171,office,58,0.55
21,weekend,43.968366,-148.236593,school,99,4.62
21,weekend,-24.933638,65.189093,office,9,3.06
21,weekend,40.886807,-65.136967,shop,96,4.15
21,weekend,-23.320189,-71.911017,gym,41,2.96
21,weekend,44.094484,-97.879814,park,6,3.61
21,weekend,-16.248168,136.790875,shop,52,2.59
21,weekend,71.836123,-17.216493,park,95,3.88
21,weekend,-14.472511,-171.187265,park,41,2.22
22,weekday,15.403113,-176.811303,park,41,4.64
22,weekday,64.905423,108.441105,park,85,2.64
22,weekday,-3.827816,-144.343075,gym,71,3.35
22,weekday,7.45251,109.393184,park,86,1.07
22,weekday,1.776221,130.026771,restaurant,62,2.81
22,weekday,87.725109,23.816667,park,81,3.89
22,weekday,61.158771,-49.779895,park,34,2.33
22,weekend,-82.276397,-64.624471,gym,4,1.37
22,weekend,40.769145,-45.474396,gym,78,4.26
22,weekend,-49.55021,146.702843,gym,79,4.77
22,weekend,1.718511,-33.648541,office,21,1.59
22,weekend,3.826528,-1.031946,restaurant,56,3.2
22,weekend,-14.883041,22.207202,office,100,1.16
22,weekend,25.452022,-46.972394,gym,36,2.59
22,weekend,55.226049,150.159876,shop,69,3.22
22,weekend,75.478823,127.936405,gym,66,2.7
23,weekday,70.125547,177.707185,school,79,1.38
23,weekday,48.548131,83.257589,restaurant,59,4.84
23,weekday,16.375526,-75.530417,gym,6,1.78
23,weekday,-86.775318,32.155294,restaurant,61,4.23
23,weekday,-14.895879,-13.124492,school,74,1.54
23,weekday,-33.267681,32.721719,gym,34,1.85
23,weekday,27.369845,-166.06423,park,86,4.57
23,weekday,-44.254455,-84.468271,school,30,0.68
23,weekday,81.361546,-18.270024,gym,1,2.44
23,weekend,54.430412,-81.491506,school,54,0.57
23,weekend,66.338267,83.790034,office,40,3.96
23,weekend,29.396555,-1.211184,school,28,2.9
23,weekend,9.424666,100.682928,park,50,3.02
24,weekday,18.062692,27.498604,gym,37,2.71
24,weekday,73.845648,-152.422605,park,98,1.8
24,weekday,21.897893,-164.71446,gym,61,0.68
24,weekday,-11.755814,-170.549513,school,7,0.51
24,weekday,-42.968647,-91.579378,shop,82,2.04
24,weekend,40.301861,-80.971447,park,52,2.2
24,weekend,-67.870381,-31.329936,shop,66,1.53
24,weekend,-32.104724,58.076606,shop,40,4.2
24,weekend,51.325183,-44.88281,restaurant,71,3.71
24,weekend,22.503044,-160.90678,park,31,2.35
24,weekend,64.084611,20.974455,school,46,4.04
24,weekend,-86.941015,44.783331,office,68,1.33
24,weekend,-78.387387,-83.588153,restaurant,16,4.39
25,weekday,-17.521319,157.749978,park,52,2.83
25,weekday,55.369019,129.636381,restaurant,47,3.94
25,weekday,-22.29897,-128.293388,office,22,1.31
25,weekend,-30.979692,-122.681826,gym,87,4.43
25,weekend,-24.11271,99.823168,school,58,4.72
25,weekend,33.614549,-34.223513,park,94,0.83
25,weekend,27.234304,157.344159,restaurant,74,1.12
25,weekend,12.216067,168.809954,school,6,3.01
25,weekend,6.166711,65.47032,park,56,3.31
25,weekend,7.534375,102.005759,restaurant,21,1.07
25,weekend,75.345482,126.314085,restaurant,78,3.61
26,weekday,-3.72411,20.710225,shop,8,1.25
26,weekday,21.49646,-20.478752,office,11,2.44
26,weekday,65.153572,-171.943059,park,17,1.07
26,weekday,-39.348219,54.033937,restaurant,44,1.94
26,weekday,81.524603,-122.90456,office,81,3.39
26,weekend,36.216181,131.923555,restaurant,32,0.76
26,weekend,-86.965175,-49.252761,gym,64,3.04
26,weekend,48.314248,-17.469497,gym,40,3.3
26,weekend,-23.240159,32.444243,shop,48,1.78
26,weekend,61.830956,160.477255,shop,62,4.29
26,weekend,-65.365351,111.631611,gym,56,0.51
27,weekday,-70.497387,31.971573,gym,62,3.7
27,weekday,88.494654,-133.973226,restaurant,23,3.1
27,weekday,68.846139,-50.988629,restaurant,35,2.51
27,weekend,52.655097,126.987046,office,55,0.84
27,weekend,41.480435,151.02783,restaurant,27,2.88
27,weekend,-48.814638,93.499974,gym,44,1.53
27,weekend,-27.770538,31.947193,gym,97,2.9
27,weekend,-6.983231,-53.872412,office,22,2.16
27,weekend,-42.349122,5.060197,shop,17,1.06
27,weekend,10.348575,90.424278,school,42,4.45
27,weekend,-24.834748,90.871723,shop,7,0.64
27,weekend,80.023095,-88.392715,office,48,1.78
28,weekday,-72.019249,-20.540792,park,17,2.59
28,weekday,9.134016,155.070118,office,96,3.15
28,weekday,-24.091654,-169.90188,park,86,3.88
28,weekday,-78.162686,-176.499811,gym,37,4.81
28,weekday,21.967326,169.140501,office,2,1.41
28,weekday,71.507234,-137.333704,shop,45,1.07
28,weekday,-84.34211,-102.775334,restaurant,65,3.25
28,weekday,85.014709,-77.68391,restaurant,70,1.85
28,weekday,20.417566,-146.233708,park,84,2.02
28,weekday,20.767252,141.08648,school,46,2.06
28,weekend,73.674462,66.968887,shop,19,0.71
28,weekend,-20.173978,-168.027241,gym,63,3.06
28,weekend,13.969626,51.885115,gym,74,2.43
28,weekend,74.521291,116.729209,restaurant,10,2.96
28,weekend,39.083188,-8.099766,restaurant,100,3.63
28,weekend,-46.505536,-7.566486,shop,89,3.56
29,weekday,-49.409668,-98.410618,gym,12,2.78
29,weekday,84.958717,-10.964725,restaurant,7,2.98
29,weekday,-7.359352,4.122234,gym,78,2.74
29,weekday,82.729602,95.216847,park,26,2.22
29,weekday,-72.239348,-3.098809,park,51,0.95
29,weekday,26.065109,162.774073,school,29,4.52
29,weekday,10.489648,21.679439,park,91,0.9
29,weekday,64.625426,59.839431,office,56,4.65
29,weekend,6.143826,-87.022564,gym,62,1.4
29,weekend,-10.32908,-85.443983,park,27,4.91
29,weekend,83.55104,173.574826,park,19,4.79
29,weekend,75.535677,3.008977,office,14,3.89
29,weekend,-37.433354,178.96978,shop,72,4.96
29,weekend,64.451581,23.786468,office,86,4.96
29,weekend,23.64035,-113.712326,office,46,2.32
30,weekday,-87.886157,-12.735024,park,2,4.37
30,weekday,20.49294,-44.091662,school,88,2.07
30,weekday,20.173938,134.984149,park,88,2.52
30,weekday,-43.671842,72.71669,park,51,2.42
30,weekday,28.427873,-122.415003,school,95,1.92
30,weekday,-48.029138,-113.40485,gym,61,1.94
30,weekday,-59.310656,148.33747,school,20,0.58
30,weekday,-75.500386,-36.227711,school,11,1.14
30,weekend,-85.000147,-47.201242,office,21,1.18
30,weekend,-38.549244,-154.319087,gym,28,0.69
30,weekend,16.454229,-66.310331,office,90,3.12
30,weekend,-48.13355,-92.02905,office,93,4.16
30,weekend,26.235469,-117.95023,school,93,1.83
31,weekday,69.958586,46.477795,gym,34,4.87
31,weekday,-28.538091,39.452898,school,75,4.06
31,weekday,34.108872,-139.620408,school,77,2.99
31,weekday,-3.655699,27.878199,school,30,4.25
31,weekday,33.076463,-57.462967,restaurant,91,0.88
31,weekday,17.001176,58.885604,shop,37,1.27
31,weekday,-36.934372,-80.303273,school,100,2.83
31,weekend,14.911007,-22.305448,school,48,4.21
31,weekend,70.169929,-61.70637,office,74,2.07
31,weekend,3.581872,160.361229,office,15,4.29
31,weekend,-80.758416,-128.354679,gym,96,3.13
31,weekend,41.603054,39.312976,office,81,4.27
31,weekend,57.600303,-72.273698,school,25,3.38
31,weekend,73.314704,-17.332843,restaurant,60,0.56
31,weekend,-30.930084,29.015819,shop,34,4.66
31,weekend,55.959333,104.366722,park,55,2.73
31,weekend,67.292754,8.306023,gym,67,0.97
32,weekday,-38.990961,140.605478,shop,52,2.44
32,weekday,-63.311428,-160.679335,restaurant,71,1.12
32,weekday,68.622224,79.566384,park,91,3.96
32,weekday,73.844971,67.938599,park,18,3.44
32,weekday,2.401007,34.726863,shop,1,1.17
32,weekday,70.322925,-129.334171,school,45,2.75
32,weekday,-77.394997,-85.651217,shop,18,2.6
32,weekend,24.691227,-110.644779,shop,21,4.78
32,weekend,-49.991548,178.468479,restaurant,2,1.83
32,weekend,-61.295335,-145.907552,school,18,2.98
32,weekend,-30.237199,17.622738,office,54,4.72
32,weekend,23.101522,103.068641,shop,45,3.04
32,weekend,-38.364355,131.859924,gym,15,4.48
32,weekend,-79.050194,36.581415,park,8,1.69
32,weekend,-16.488268,-160.638442,park,72,1.59
33,weekday,-43.252517,-55.132871,restaurant,88,2.86
33,weekday,60.163899,97.921028,gym,26,3.1
33,weekday,43.596667,164.517514,shop,77,4.34
33,weekday,-12.768425,-87.345944,restaurant,41,1.36
33,weekday,28.122772,-64.199149,gym,8,3.82
33,weekday,0.034493,137.460917,gym,91,2.03
33,weekend,-61.41866,126.193814,school,91,4.38
33,weekend,-46.576789,101.252273,shop,19,4.3
33,weekend,-4.165763,129.71282,office,17,2.55
33,weekend,-52.876431,-158.530932,park,23,4.75
33,weekend,-63.499493,-142.81652,restaurant,60,4.24
33,weekend,27.224789,-3.565529,school,16,4.86
33,weekend,-70.810568,-120.822597,shop,21,3.28
34,weekday,74.672431,33.170448,park,28,0.62
34,weekday,-3.051543,-21.588618,park,3,4.18
34,weekday,-5.219424,104.925047,restaurant,71,4.7
34,weekday,-57.053449,-113.972392,gym,61,4.6
34,weekday,25.627154,99.396548,school,3,3.97
34,weekday,-8.618047,52.935381,gym,43,1.48
34,weekday,46.786951,63.451001,restaurant,50,2.62
34,weekend,13.075403,-106.43388,office,22,3.63
34,weekend,34.847912,132.644867,school,97,2.67
34,weekend,-18.035112,87.080756,shop,82,1.95
34,weekend,-86.056686,61.468443,shop,74,1.12
34,weekend,59.118448,70.008953,restaurant,34,3.42
34,weekend,10.986197,95.397926,restaurant,70,4.39
35,weekday,-36.672141,81.50742,restaurant,69,3.56
35,weekday,32.204086,-130.46881,office,26,0.86
35,weekday,45.128705,-75.860836,office,10,4.2
35,weekday,13.013089,82.51008,school,35,2.4
35,weekday,52.68099,109.406338,gym,17,4.43
35,weekday,-57.635644,-62.38193,school,49,4.65
35,weekday,-24.605625,171.440293,park,96,2.23
35,weekend,-87.040102,-45.370693,school,58,0.53
35,weekend,73.232914,6.097174,restaurant,43,4.68
35,weekend,-80.669919,-94.858548,gym,51,1.57
35,weekend,59.262307,-46.452754,park,94,2.89
35,weekend,25.392788,52.912567,gym,35,4.27
35,weekend,22.291975,31.596605,restaurant,28,3.14
35,weekend,16.625734,175.837183,restaurant,95,1.57
36,weekday,-60.165657,-28.803599,gym,38,4.68
36,weekday,-52.238346,125.750351,gym,25,3.65
36,weekday,-20.889165,-114.554412,school,28,3.46
36,weekday,25.603478,65.297577,shop,12,4.92
36,weekday,5.333591,141.668111,restaurant,60,2.93
36,weekday,-63.075354,100.418186,gym,47,4.2
36,weekday,11.362756,-30.844994,school,76,4.26
36,weekend,77.013189,-95.196037,gym,93,1.15
36,weekend,27.677408,-137.143038,school,65,4.76
36,weekend,-85.144523,-125.458425,park,30,2.62
36,weekend,58.954414,-159.618953,office,98,4.9
36,weekend,-33.055486,-81.816221,office,70,3.32
36,weekend,-9.356221,61.595575,school,36,4.14
36,weekend,87.197532,29.132988,office,34,0.82
36,weekend,52.391102,-28.541063,shop,41,1.41
36,weekend,4.469637,175.979851,school,70,3.31
37,weekday,89.510186,173.461126,gym,48,4.16
37,weekday,11.289699,-156.11915,gym,98,4.54
37,weekday,82.879413,-46.896499,park,82,2.8
37,weekday,21.525934,-30.039954,shop,14,1.7
37,weekday,50.89613,-46.989391,park,52,4.32
37,weekend,-61.334288,136.136499,shop,98,2.27
37,weekend,39.542252,60.092407,shop,27,3.03
37,weekend,35.77358,71.895499,gym,17,3.93
37,weekend,68.525301,27.571225,shop,96,1.62
37,weekend,-37.865499,135.874703,office,97,4.95
37,weekend,-1.106253,33.260478,shop,14,2.02
37,weekend,-75.276681,50.743308,office,90,4.7
37,weekend,81.162382,88.180799,school,29,1.96
38,weekday,-56.91222,137.428675,school,77,0.91
38,weekday,-61.572306,-5.265741,park,77,1.12
38,weekday,-66.416047,-71.267227,gym,60,2.94
38,weekday,48.437754,145.862113,shop,88,1.58
38,weekday,-58.303271,-33.796726,school,27,2.64
38,weekday,88.293196,-178.216467,park,17,4.19
38,weekday,45.274367,169.623529,restaurant,30,3.14
38,weekday,0.020101,-71.254673,shop,1,1.33
38,weekday,-81.885012,-145.720919,school,7,0.98
38,weekend,25.737652,-103.807287,school,29,2.7
38,weekend,-2.301558,37.333013,restaurant,8,3.41
38,weekend,-56.914717,29.436208,shop,56,0.95
38,weekend,-63.679519,123.007085,gym,92,3.73
38,weekend,-39.460866,-2.797412,school,95,2.16
38,weekend,84.568942,-68.722433,office,58,3.11
39,weekday,87.903352,-64.70343,gym,84,4.59
39,weekday,-21.349904,76.596609,park,2,0.9
39,weekday,-79.521768,80.057483,school,7,2.87
39,weekday,17.133957,-95.473391,school,57,2.84
39,weekday,40.881318,111.435217,shop,69,4.85
39,weekday,-58.771769,51.73099,park,43,3.65
39,weekend,-78.395587,15.751849,school,97,1.31
39,weekend,32.929707,43.789513,park,7,4.66
39,weekend,37.129881,48.0086,gym,55,0.9
39,weekend,48.656597,-38.193081,school,83,0.61
39,weekend,51.996538,-150.354927,park,87,3.36
39,weekend,3.584306,-54.435556,school,39,4.01
39,weekend,70.943304,173.301377,gym,1,4.42
40,weekday,26.73231,72.508952,park,95,2.21
40,weekday,-87.726535,89.671023,school,91,1.88
40,weekday,-2.50345,-6.428616,restaurant,6,0.6
40,weekday,-66.707721,-87.487501,office,13,4.01
40,weekend,74.398453,-15.569276,gym,31,1.71
40,weekend,-24.266907,105.939738,office,86,2.9
40,weekend,19.198106,-142.488158,park,59,0.53
40,weekend,-23.163408,95.309213,school,97,0.86
40,weekend,-42.330348,51.329577,shop,34,4.71
40,weekend,-14.343168,-9.86006,school,51,2.05
40,weekend,-19.892645,-138.641872,park,59,2.43
40,weekend,-75.915479,-21.891312,office,88,4.15
40,weekend,33.857745,63.262672,school,54,3.88
40,weekend,62.362323,-93.413638,shop,52,0.98
41,weekday,46.636564,51.372145,school,48,1.16
41,weekday,66.280822,74.920695,gym,45,2.86
41,weekday,46.617603,-162.441844,park,50,1.97
41,weekend,-80.71101,-110.05091,gym,28,1.64
41,weekend,32.400509,-103.937456,school,34,2.31
41,weekend,50.558943,-44.092813,office,92,1.6
41,weekend,-71.108712,-154.101851,park,26,1.5
41,weekend,-10.846003,-28.195585,gym,92,4.29
42,weekday,61.025484,54.688939,school,80,2.72
42,weekday,-43.70906,-99.352892,school,53,2.1
42,weekday,-32.707161,96.30113,office,56,1.9
42,weekday,-69.913376,-34.811081,school,77,2.42
42,weekend,74.432692,-162.064665,park,45,3.81
42,weekend,57.271769,-158.030799,restaurant,51,4.03
42,weekend,60.68225,-149.089865,office,42,3.09
43,weekday,-36.293796,-58.934492,office,15,3.67
43,weekday,17.312949,65.763737,restaurant,71,0.81
43,weekday,65.407745,21.115169,restaurant,25,2.29
43,weekday,8.069252,28.647782,gym,2,2.58
43,weekday,-58.472725,165.861187,park,9,3.19
43,weekday,24.770936,-36.729667,park,100,4.44
43,weekend,-17.72476,-178.758982,park,15,2.41
43,weekend,42.294693,92.42325,school,91,2.8
43,weekend,-23.969088,-80.516013,restaurant,19,4.39
43,weekend,77.050164,-96.514195,shop,70,1.54
43,weekend,0.627403,-72.704692,office,80,3.37
44,weekday,-17.006839,70.028217,office,18,1.07
44,weekday,-42.89417,-124.6357,restaurant,29,2.36
44,weekday,17.927164,-160.901517,restaurant,92,4.81
44,weekday,76.131462,46.630461,restaurant,13,3.55
44,weekday,-63.304473,-92.978349,office,15,3.88
44,weekend,57.526607,-37.439297,restaurant,34,2.71
44,weekend,65.931029,-28.402497,restaurant,2,3.35
44,weekend,3.906604,-134.68546,school,29,1.48
44,weekend,-30.607355,9.895745,office,35,2.52
44,weekend,-34.88853,-123.150734,school,82,1.59
45,weekday,-86.954152,-119.581315,gym,45,1.55
45,weekday,-78.233827,52.525357,restaurant,45,2.7
45,weekday,80.631279,-93.083081,office,5,0.87
45,weekday,89.361143,36.921853,office,43,1.83
45,weekday,51.624979,-120.332299,park,51,0.67
45,weekday,77.583773,-172.325406,shop,57,1.81
45,weekday,3.789657,-13.003509,shop,72,2.2
45,weekday,24.403971,30.19615,school,76,1.72
45,weekday,-44.581387,-155.038903,restaurant,84,1.61
45,weekend,-85.436431,-160.719394,gym,60,0.52
45,weekend,-77.073121,-4.936828,park,84,2.66
45,weekend,13.341962,-68.420766,park,26,4.17
45,weekend,78.161765,-20.105564,restaurant,15,4.69
46,weekday,-23.764286,72.906546,office,99,1.83
46,weekday,41.550732,34.652617,park,6,1.97
46,weekday,52.821294,22.871117,gym,42,2.5
46,weekday,17.925186,173.719594,restaurant,14,3.56
46,weekday,51.345809,176.198043,school,29,0.58
46,weekday,-35.01897,-60.711022,gym,19,2.49
46,weekend,-31.475071,132.473546,restaurant,12,4.99
46,weekend,-89.898778,25.195352,shop,68,3.07
46,weekend,74.081468,-165.968681,restaurant,45,3.47
46,weekend,83.566912,-114.647736,park,26,2.21
46,weekend,3.903823,99.666806,restaurant,1,4.62
46,weekend,-54.763644,-14.937698,office,96,0.82
46,weekend,30.891423,48.823136,school,76,3.28
47,weekday,82.513929,-6.559571,school,33,3.57
47,weekday,87.599997,136.648446,restaurant,34,2.43
47,weekday,-7.557983,-0.346862,school,7,4.14
47,weekday,-28.055321,-128.139535,park,55,2.51
47,weekday,79.693121,-25.9713,school,67,3.42
47,weekday,-8.100716,177.534287,school,60,4.73
47,weekday,-30.484281,-79.638956,school,34,4.48
47,weekday,46.528505,167.931419,park,36,0.52
47,weekday,75.252115,153.433575,park,93,4.71
47,weekday,88.402429,174.139602,gym,1,3.61
47,weekend,-57.240889,-16.675765,office,9,4.95
47,weekend,14.656832,-89.579563,park,67,3.21
47,weekend,-70.041615,122.506641,school,37,4.04
47,weekend,-3.866937,-92.735592,office,86,2.07
47,weekend,-68.61088,139.351273,shop,53,2.99
47,weekend,-17.628679,73.890358,office,31,4.41
47,weekend,-78.821556,159.081612,gym,4,3.46
47,weekend,-29.648183,-89.163651,restaurant,41,4.86
47,weekend,-71.615141,-167.355643,office,17,2.52
48,weekday,-37.232534,137.406587,school,89,2.87
48,weekday,-55.314382,135.097766,park,32,2.61
48,weekday,17.96016,-178.126502,school,64,1.34
48,weekday,4.427807,140.163178,school,89,1.14
48,weekday,-22.709906,160.398203,office,36,2.1
48,weekday,89.808509,-139.474911,school,99,1.01
48,weekday,13.699496,-28.501001,restaurant,28,4.64
48,weekday,3.488443,-120.56646,park,55,2.73
48,weekday,10.94287,-105.770966,office,63,1.38
48,weekday,68.046199,122.827638,park,19,4.79
48,weekend,-84.142519,70.148508,gym,33,2.48
48,weekend,3.398729,-31.213723,shop,67,2.44
48,weekend,-3.670553,76.216048,restaurant,51,1.54
49,weekday,31.989518,-151.091042,shop,3,1.57
49,weekday,-72.971441,3.531317,school,87,2.39
49,weekday,-27.819837,-49.390128,restaurant,88,3.58
49,weekday,-84.626382,-60.616151,gym,56,2.45
49,weekday,74.071708,53.766152,gym,82,3.52
49,weekday,-83.371762,52.643648,park,39,2.72
49,weekend,-73.148345,-72.776536,school,74,3.55
49,weekend,-12.858814,-128.762677,school,46,3.76
49,weekend,-73.975154,83.056737,park,68,2.01
49,weekend,-34.124482,128.345864,gym,22,1.19
49,weekend,-31.454215,23.752629,gym,31,4.58
49,weekend,-10.482083,-105.876637,office,54,1.53
49,weekend,18.669138,41.43122,school,37,0.53
49,weekend,10.139661,-54.768119,office,37,2.37
49,weekend,-11.613643,58.508105,shop,26,0.84
49,weekend,-79.522595,-3.38389,restaurant,7,1.17
50,weekday,-60.727526,-32.976034,gym,67,3.98
50,weekday,45.8677,-23.321078,park,87,2.0
50,weekday,0.708262,-17.402934,shop,100,4.75
50,weekday,-27.571057,-134.101226,park,99,3.66
50,weekday,0.408355,162.12608,park,26,3.87
50,weekday,88.585296,116.627401,park,41,1.9
50,weekday,44.613364,-133.825853,shop,26,1.97
50,weekend,71.826538,169.199011,office,72,3.91
50,weekend,9.636946,-60.797267,park,33,2.01
50,weekend,-48.527768,85.038011,park,66,4.83
50,weekend,-61.40919,175.324106,gym,51,2.63
51,weekday,-12.955925,87.914098,shop,96,3.31
51,weekday,59.153327,161.339519,shop,6,2.98
51,weekday,28.618026,144.360025,office,76,1.47
51,weekday,-54.017463,-112.971471,office,5,2.58
51,weekend,-11.571518,124.106999,shop,20,2.4
51,weekend,22.499013,-160.529375,office,47,1.22
51,weekend,60.012906,53.630498,park,78,4.76
51,weekend,28.511364,-35.206039,park,29,0.6
51,weekend,18.071497,140.951838,park,46,4.32
51,weekend,-18.080894,-84.694607,restaurant,32,0.63
51,weekend,17.503582,33.540697,shop,36,4.12
51,weekend,61.485786,109.551802,office,60,1.44
52,weekday,-30.44753,114.371812,gym,75,1.84
52,weekday,-63.849559,-141.021721,school,30,0.64
52,weekday,-41.146266,-37.459863,shop,53,3.87
52,weekday,51.141835,46.108814,office,43,3.83
52,weekday,13.236669,-128.633582,restaurant,39,0.81
52,weekday,49.466702,146.130736,shop,91,1.87
52,weekday,0.796365,100.460833,restaurant,7,3.23
52,weekday,-55.734956,-39.11374,shop,93,1.62
52,weekday,86.493818,-106.890222,park,1,1.92
52,weekend,35.982478,-110.337197,office,7,0.51
52,weekend,57.533715,143.894968,restaurant,52,3.97
52,weekend,-42.561551,-17.698605,gym,5,3.38
52,weekend,-63.589965,103.064304,restaurant,96,1.71
52,weekend,-78.93222,114.809433,shop,91,3.65
52,weekend,22.031833,18.647768,office,29,4.38
52,weekend,75.676631,45.931024,school,96,2.62
52,weekend,-9.165456,122.604345,school,48,2.21
53,weekday,27.326304,48.41299,office,85,3.16
53,weekday,6.347338,50.325018,gym,91,2.28
53,weekday,-5.442144,-161.348763,school,90,4.44
53,weekday,65.729017,-4.753851,park,10,0.68
53,weekday,27.051967,-115.747869,shop,89,0.73
53,weekday,-46.601644,-101.281345,restaurant,48,4.35
53,weekend,33.826062,113.175187,school,92,4.38
53,weekend,83.975238,-127.929283,gym,18,2.05
53,weekend,-57.087563,-55.312125,restaurant,56,3.85
54,weekday,84.147665,-114.129928,park,18,1.38
54,weekday,9.928884,33.538275,shop,66,0.75
54,weekday,-52.874246,61.078718,office,43,4.44
54,weekday,-59.148931,6.433764,shop,4,4.67
54,weekday,-0.749276,-163.594387,gym,92,3.5
54,weekday,-74.154609,67.005258,office,58,4.14
54,weekday,-25.071804,103.810525,shop,17,2.11
54,weekend,36.673952,-9.590025,gym,62,1.64
54,weekend,50.148894,-81.54982,gym,34,4.07
54,weekend,-45.849234,-69.79711,shop,7,0.72
54,weekend,-88.43236,24.588015,school,18,2.26
54,weekend,8.340606,-134.673862,office,86,2.56
54,weekend,55.120937,108.837659,gym,60,3.17
54,weekend,51.328323,113.606891,school,46,4.56
55,weekday,-27.640421,74.704081,school,28,1.93
55,weekday,78.742684,164.75252,school,26,3.43
55,weekday,-7.870215,153.154178,office,31,1.98
55,weekday,84.398282,163.886534,school,56,4.88
55,weekday,-45.46029,175.322864,school,92,4.13
55,weekday,-26.02778,138.681256,school,56,3.49
55,weekday,-77.707485,55.197478,park,42,4.75
55,weekend,72.712417,69.300216,school,79,3.87
55,weekend,88.773478,98.968853,office,56,1.08
55,weekend,64.928081,156.337747,shop,82,2.62
55,weekend,36.662619,-119.476564,park,51,4.11
55,weekend,33.120708,13.204889,park,56,2.86
55,weekend,-24.860236,-137.907857,school,59,1.36
55,weekend,-3.350434,81.678897,school,7,0.91
55,weekend,67.990631,-132.798176,gym,10,3.23
55,weekend,-79.536919,103.185477,school,41,4.35
56,weekday,-59.856246,-40.939242,office,4,0.96
56,weekday,46.342401,-35.679116,school,15,1.01
56,weekday,-12.05885,152.282603,office,69,2.35
56,weekday,-65.57411,35.20899,park,41,0.93
56,weekday,-56.015633,-37.088296,shop,97,1.26
56,weekday,-10.363774,100.696912,park,22,0.68
56,weekend,-74.939515,66.877008,shop,27,3.38
56,weekend,-85.831929,160.352579,restaurant,47,4.06
56,weekend,-76.031338,7.886116,restaurant,8,3.49
56,weekend,-85.055642,-63.953308,shop,1,2.87
56,weekend,0.324106,-121.026009,shop,53,4.68
56,weekend,-9.615424,-96.233444,gym,65,1.63
56,weekend,-8.624835,-2.830506,office,1,3.02
57,weekday,2.001966,-129.334566,gym,32,1.42
57,weekday,69.325913,-152.557346,school,77,2.74
57,weekday,-0.715271,-18.423517,school,23,3.43
57,weekend,89.388005,141.516536,park,85,1.48
57,weekend,1.365978,-76.732056,office,79,0.8
57,weekend,-74.694801,138.351833,gym,7,4.97
57,weekend,-53.580165,118.177933,office,30,0.78
57,weekend,56.736344,-74.924831,restaurant,68,3.43
57,weekend,-45.035818,54.96895,gym,7,3.49
57,weekend,31.857039,46.966021,park,12,1.5
57,weekend,73.906937,14.503431,office,21,3.58
58,weekday,87.198976,99.847831,restaurant,88,0.65
58,weekday,-30.99974,-161.370416,restaurant,12,4.01
58,weekday,-20.50103,119.513814,school,60,3.96
58,weekday,-87.660702,-170.792859,school,86,0.75
58,weekday,70.014642,-167.428026,park,67,2.78
58,weekday,-32.359319,-38.704219,office,30,3.34
58,weekday,41.123541,-78.099392,gym,97,3.08
58,weekend,9.805002,-80.534015,park,14,3.08
58,weekend,-32.767763,27.086533,gym,9,2.86
58,weekend,-64.178717,-107.593977,restaurant,45,1.82
59,weekday,-30.680297,156.035306,park,62,1.82
59,weekday,-39.935428,-43.790191,gym,1,2.49
59,weekday,-50.558053,-43.7596,restaurant,99,1.81
59,weekday,68.696288,-10.813159,restaurant,19,0.53
59,weekday,-70.987717,-179.43404,gym,67,3.17
59,weekday,0.192723,-124.613831,park,69,3.55
59,weekday,15.41345,-78.465874,shop,28,3.11
59,weekday,49.268678,-137.891986,restaurant,18,2.28
59,weekday,49.347914,-61.700698,gym,48,1.1
59,weekend,-14.627575,-75.719128,school,7,1.48
59,weekend,43.301745,-26.152667,gym,61,2.85
59,weekend,-7.212014,-126.190919,office,71,0.8
59,weekend,-29.105454,-4.505501,shop,21,3.24
59,weekend,68.253727,5.451419,school,29,0.55
59,weekend,82.137322,94.634264,shop,31,3.2
59,weekend,-65.583129,71.347264,gym,6,2.85
59,weekend,6.713821,-55.538672,park,77,4.13
59,weekend,60.602844,136.679042,shop,91,4.39
60,weekday,16.112012,-174.536047,school,50,2.18
60,weekday,20.380449,-115.999228,office,77,2.37
60,weekday,-64.4271,-14.945764,office,21,1.12
60,weekday,-15.422745,-95.055714,park,61,2.03
60,weekend,-67.902147,-105.890284,office,78,3.67
60,weekend,89.90179,167.490698,office,61,4.26
60,weekend,57.814377,100.468815,restaurant,21,4.57
60,weekend,51.016439,115.884899,park,66,0.58
60,weekend,64.960862,-1.031934,office,4,2.39
60,weekend,11.525112,-49.37232,restaurant,18,3.87
60,weekend,28.897237,25.70107,shop,59,1.5
61,weekday,-33.521672,146.464566,school,86,2.94
61,weekday,12.657907,179.111609,park,65,1.34
61,weekday,36.706672,33.988036,restaurant,68,2.71
61,weekday,-2.016751,46.514137,office,61,2.77
61,weekday,64.721535,-127.331943,office,61,4.93
61,weekday,-6.287492,158.201723,park,7,3.15
61,weekday,-5.604692,-100.982727,office,66,3.76
61,weekday,66.175086,124.395716,gym,4,3.06
61,weekday,28.322401,178.476595,school,42,4.68
61,weekday,85.694785,104.746761,restaurant,88,3.39
61,weekend,89.271616,58.23348,gym,91,1.13
61,weekend,-18.048627,160.255631,office,99,3.83
61,weekend,33.52836,-173.801616,gym,79,1.54
61,weekend,-57.246063,161.846027,gym,46,1.16
61,weekend,3.022866,-55.572581,gym,31,0.57
61,weekend,21.807366,61.45602,office,45,2.41
61,weekend,-68.207941,-14.827387,shop,27,3.13
62,weekday,53.296451,-6.344704,office,23,4.93
62,weekday,78.434573,-2.722436,school,42,4.52
62,weekday,-9.200884,8.436834,school,68,3.27
62,weekday,-78.640022,-119.434231,park,69,1.03
62,weekday,-30.568576,-117.319854,school,27,1.28
62,weekday,13.481435,61.423567,park,99,1.98
62,weekday,-83.308924,-73.182588,office,87,1.62
62,weekday,33.108324,124.472544,shop,63,3.97
62,weekday,-23.790949,-95.499195,restaurant,65,2.92
62,weekend,-25.018638,-83.42441,school,7,0.76
62,weekend,56.518342,119.215953,school,23,3.81
62,weekend,-41.472658,-25.738761,gym,53,4.94
62,weekend,60.450622,-92.814502,shop,47,4.9
62,weekend,26.922136,53.396626,shop,44,2.95
62,weekend,7.139251,-50.086723,restaurant,95,2.75
62,weekend,-6.340727,-168.714456,school,7,3.79
63,weekday,-2.583825,47.168841,park,4,2.36
63,weekday,55.935068,29.055547,restaurant,2,1.79
63,weekday,75.51752,6.249521,restaurant,62,1.15
63,weekday,-72.629935,-114.295731,shop,58,4.88
63,weekday,-36.257614,-72.520485,school,35,4.69
63,weekday,-46.109803,-50.333141,shop,8,3.95
63,weekend,60.20604,27.19202,school,4,2.01
63,weekend,70.399291,-41.547603,gym,80,3.36
63,weekend,-66.71059,113.200176,park,96,3.78
63,weekend,21.851697,-8.393065,office,78,0.6
63,weekend,-47.852172,70.316421,office,42,0.55
63,weekend,86.131337,-144.46222,school,97,4.11
63,weekend,84.100552,-30.811794,office,34,1.75
63,weekend,-11.62164,162.526303,gym,96,3.64
64,weekday,-42.502949,73.571496,restaurant,59,4.13
64,weekday,12.02019,-131.525586,shop,32,4.04
64,weekday,-45.271113,-159.757524,park,55,2.14
64,weekend,-37.601,-37.563213,shop,41,0.63
64,weekend,14.839166,-46.788641,restaurant,85,0.86
64,weekend,68.806677,78.939349,school,39,2.16
64,weekend,-10.274336,-98.910695,restaurant,29,2.65
65,weekday,-19.913184,-76.620747,park,56,1.84
65,weekday,84.225795,-54.020012,office,25,0.88
65,weekday,-34.877978,86.125388,shop,89,4.86
65,weekday,85.491177,-79.218541,gym,71,3.92
65,weekday,-23.731218,91.493128,school,41,4.97
65,weekday,74.906431,-42.669282,park,84,4.68
65,weekday,-70.597975,-18.811339,school,75,2.66
65,weekday,-16.046742,-97.824599,office,98,0.71
65,weekday,-54.274408,-78.771202,park,31,4.16
65,weekend,-71.343944,25.199041,restaurant,99,1.15
65,weekend,-85.122956,81.461613,office,20,2.73
65,weekend,-43.468982,-171.269708,shop,32,3.99
65,weekend,8.32851,-23.214036,gym,55,2.82
65,weekend,-5.88563,112.241015,office,20,2.25
65,weekend,42.879977,-12.92083,gym,94,2.78
66,weekday,60.243294,-42.092507,school,27,1.27
66,weekday,10.131953,48.130909,office,22,3.69
66,weekday,76.594246,-0.74181,office,50,3.99
66,weekday,-57.782529,147.898063,office,79,2.64
66,weekday,-55.001736,-152.384065,shop,21,3.51
66,weekday,46.737504,-105.693874,gym,18,4.37
66,weekday,-85.268241,-62.938226,school,25,3.8
66,weekday,-34.11341,54.362557,shop,84,3.24
66,weekday,55.658217,107.744216,school,91,3.04
66,weekday,28.756718,-66.393393,office,74,4.87
66,weekend,-58.354066,-85.427717,park,71,1.75
66,weekend,83.853848,161.227771,office,19,3.95
66,weekend,-9.583982,59.339985,shop,58,4.34
66,weekend,-48.866689,49.019881,school,43,0.52
66,weekend,-9.954266,-64.622243,restaurant,70,1.2
66,weekend,-74.038818,146.837254,restaurant,25,0.9
66,weekend,5.625577,-16.94481,restaurant,62,2.1
66,weekend,-71.025456,-79.983728,office,48,2.36
66,weekend,81.227607,-152.21805,gym,52,3.78
67,weekday,64.598967,77.024502,gym,64,4.34
67,weekday,-51.765501,21.264692,park,100,4.74
67,weekday,38.71859,-152.667712,school,8,4.1
67,weekday,-48.071693,141.086655,office,31,0.71
67,weekday,16.42912,-11.16803,gym,43,4.81
67,weekday,-22.355939,77.749219,shop,23,1.03
67,weekday,-68.124727,93.327213,restaurant,9,4.15
67,weekday,62.681132,-9.891326,gym,22,3.19
67,weekday,38.412137,69.30158,park,14,1.05
67,weekend,-25.775089,69.031081,shop,50,0.53
67,weekend,-79.692867,66.973842,restaurant,18,0.82
67,weekend,5.008395,-18.802761,restaurant,40,1.3
67,weekend,-45.990383,-129.399766,shop,68,2.95
67,weekend,-73.459355,-151.432126,shop,79,4.15
67,weekend,-85.648334,-101.287765,shop,15,2.21
67,weekend,-66.548116,-16.729999,gym,12,2.99
67,weekend,11.957136,-176.513757,shop,29,0.94
67,weekend,-82.346004,170.486199,restaurant,59,3.21
68,weekday,3.617638,178.426667,shop,44,0.53
68,weekday,-48.742403,99.443234,office,68,4.04
68,weekday,-48.625763,24.366989,office,11,2.31
68,weekday,-1.785022,-88.17417,park,93,2.65
68,weekday,10.955634,170.594452,school,13,1.42
68,weekday,-47.904115,82.101505,office,17,4.5
68,weekend,24.416758,111.539162,school,14,3.01
68,weekend,-24.519834,143.306306,office,75,1.33
68,weekend,33.907511,12.574398,restaurant,23,0.9
68,weekend,-18.445454,-157.154522,restaurant,84,1.57
68,weekend,0.658412,-153.838737,office,61,3.92
69,weekday,47.808687,-38.761742,school,16,1.59
69,weekday,78.921572,-128.731115,gym,17,1.86
69,weekday,57.467466,5.656729,shop,4,3.25
69,weekday,-17.567992,-48.143735,shop,73,2.69
69,weekday,-84.543275,-67.391324,gym,39,1.71
69,weekday,81.982793,-90.56014,shop,73,3.42
69,weekend,-71.426637,-140.782605,gym,49,1.27
69,weekend,72.909775,54.773803,restaurant,90,1.29
69,weekend,5.586703,-90.168218,shop,65,1.24
69,weekend,-88.352679,-171.515675,office,76,1.23
69,weekend,-86.61972,-91.405703,gym,42,0.62
69,weekend,23.937218,-36.220737,gym,80,2.38
69,weekend,-82.902831,153.859282,school,22,4.44
70,weekday,-11.806437,17.115041,school,12,1.94
70,weekday,35.206316,-32.893213,restaurant,85,4.23
70,weekday,73.543676,-170.383634,school,69,0.76
70,weekend,25.002798,-102.432427,park,36,4.17
70,weekend,-53.130113,-90.115699,gym,68,0.78
70,weekend,89.324681,8.028513,gym,79,3.33
70,weekend,46.29841,151.599921,shop,63,1.15
71,weekday,-8.816082,-104.50636,school,89,3.6
71,weekday,-27.260374,150.749637,restaurant,22,3.81
71,weekday,47.686229,176.058798,shop,75,3.73
71,weekday,-53.672268,111.926392,office,67,0.75
71,weekday,44.845954,-75.968945,shop,64,0.85
71,weekday,-71.707637,-42.044498,park,90,2.59
71,weekend,-30.070316,147.744314,shop,77,1.07
71,weekend,57.891211,-107.58177,gym,90,0.75
71,weekend,-53.003835,-12.718109,office,5,1.08
71,weekend,43.849845,-163.990181,gym,1,4.02
71,weekend,63.568829,-40.366746,shop,36,1.44
71,weekend,-39.629704,-30.557259,park,84,5.0
72,weekday,22.072032,108.18791,shop,82,1.36
72,weekday,37.384761,115.498189,park,52,2.42
72,weekday,26.059552,-7.486721,school,91,2.45
72,weekday,17.139148,-38.262836,gym,36,2.97
72,weekday,68.170794,-166.49078,restaurant,99,1.27
72,weekday,25.297725,-131.158651,gym,19,4.19
72,weekday,-55.975369,84.933955,gym,61,2.74
72,weekend,29.379907,-16.013961,school,9,0.55
72,weekend,-89.45196,68.819689,park,33,4.82
72,weekend,0.597061,105.257205,office,46,0.87
72,weekend,35.030773,139.107659,park,96,3.93
72,weekend,88.805746,-16.414125,park,8,3.03
72,weekend,30.930008,104.923125,gym,11,4.23
73,weekday,-7.154281,-129.260493,gym,69,2.17
73,weekday,-58.943922,164.377643,park,77,2.76
73,weekday,86.595514,-170.678595,school,25,1.82
73,weekday,-77.367254,99.833296,park,33,2.04
73,weekday,-66.856219,-77.057359,restaurant,9,2.06
73,weekday,-33.356003,177.074132,park,9,3.01
73,weekday,58.797508,-60.030994,gym,12,4.02
73,weekday,84.230799,-17.659131,restaurant,56,2.55
73,weekend,85.525799,38.059766,restaurant,27,0.94
73,weekend,62.602747,144.627644,shop,41,1.6
73,weekend,-54.64031,-35.910839,shop,21,2.07
73,weekend,87.789499,127.889894,shop,32,1.59
73,weekend,75.286454,89.045538,park,94,0.9
73,weekend,-71.958162,-58.572391,shop,90,2.32
73,weekend,-31.048982,128.096323,restaurant,38,3.11
73,weekend,30.334609,-51.060468,school,98,4.34
73,weekend,-9.179343,-164.779823,restaurant,90,4.12
74,weekday,71.276093,68.980426,park,83,3.35
74,weekday,-71.577904,5.934907,school,14,1.93
74,weekday,-0.808601,127.786401,restaurant,28,4.06
74,weekday,-40.088577,96.293028,office,46,2.05
74,weekday,-11.126551,-15.562022,restaurant,93,2.57
74,weekday,51.063421,-158.029872,gym,83,0.75
74,weekday,-34.425932,50.363869,shop,27,0.62
74,weekday,-86.452546,-5.423764,restaurant,100,4.68
74,weekday,-71.220647,-10.527761,shop,76,1.29
74,weekday,24.896605,26.891886,school,46,2.22
74,weekend,-43.500095,-47.97772,shop,83,4.62
74,weekend,-60.735074,126.456713,restaurant,64,2.61
74,weekend,24.2378,-52.121658,shop,20,4.65
74,weekend,-17.360207,148.512535,office,35,1.47
74,weekend,-34.595234,1.90296,park,20,0.61
75,weekday,-15.430683,69.239464,gym,11,2.44
75,weekday,-12.717633,-176.094783,shop,31,1.52
75,weekday,32.751458,-5.724079,office,89,4.24
75,weekday,-21.140414,-151.838039,gym,90,1.67
75,weekday,-89.268985,37.970978,shop,31,4.12
75,weekday,-58.665655,-16.765317,school,99,3.18
75,weekend,29.348218,-40.366826,gym,18,4.94
75,weekend,-13.286865,174.943798,restaurant,35,0.9
75,weekend,-12.594087,40.628536,restaurant,79,3.9
76,weekday,45.731555,-15.295556,restaurant,16,0.86
76,weekday,70.863373,-27.62197,park,55,4.33
76,weekday,11.615595,39.65765,restaurant,7,1.92
76,weekday,-89.473805,62.120444,shop,78,3.88
76,weekday,24.320002,-143.283306,office,58,4.55
76,weekday,83.186354,-157.825349,office,47,3.28
76,weekday,-23.935614,7.136101,shop,87,4.96
76,weekend,18.077564,-81.881299,restaurant,3,3.72
76,weekend,-60.67627,63.3265,shop,12,4.44
76,weekend,-56.345922,45.785817,gym,42,1.72
76,weekend,-83.512732,-12.52294,gym,23,1.96
76,weekend,-83.730724,-45.624543,restaurant,43,4.97
76,weekend,-68.256496,-162.663621,park,59,2.16
76,weekend,-9.406371,-12.284877,restaurant,57,4.23
76,weekend,14.266962,-43.533447,restaurant,88,2.31
77,weekday,31.768009,-122.37513,park,74,1.22
77,weekday,-39.356789,140.361483,gym,44,4.79
77,weekday,45.979349,62.065027,gym,49,1.5
77,weekday,-76.163062,36.687754,shop,48,2.09
77,weekday,17.130172,123.254862,park,50,2.02
77,weekend,89.82696,153.151471,shop,21,4.25
77,weekend,-53.275741,-122.68541,shop,56,2.41
77,weekend,66.046167,88.328168,park,22,2.34
77,weekend,35.632494,-39.657399,gym,39,3.4
77,weekend,15.847239,-80.101957,shop,97,2.01
77,weekend,-60.097411,-128.585732,office,97,1.27
77,weekend,-82.217656,35.053832,gym,34,4.87
77,weekend,-63.482388,-75.969167,gym,69,0.74
78,weekday,64.718337,1.058,gym,11,1.74
78,weekday,-42.095715,171.635952,park,56,3.75
78,weekday,-37.469018,33.091111,restaurant,49,3.52
78,weekday,54.144088,82.99313,restaurant,37,4.73
78,weekday,1.118166,-107.359869,office,65,4.42
78,weekday,-78.616405,-1.000055,office,93,1.1
78,weekend,73.490321,133.946139,shop,69,1.78
78,weekend,-4.576634,-91.394959,school,38,2.7
78,weekend,-29.511228,106.726536,school,62,4.11
78,weekend,-60.851708,-70.133362,school,59,4.61
78,weekend,10.053496,32.256598,park,24,4.67
78,weekend,-38.207614,-55.86357,shop,4,3.78
78,weekend,78.796305,-125.503805,restaurant,2,1.01
78,weekend,24.512063,39.991391,restaurant,15,3.92
79,weekday,-57.00163,-92.286353,gym,93,1.62
79,weekday,-76.027635,-72.38139,office,20,1.9
79,weekday,-37.376052,45.459901,restaurant,66,3.08
79,weekday,-3.17749,117.495023,park,10,3.92
79,weekday,51.059562,-11.141465,office,94,3.77
79,weekday,-37.0211,-129.200512,office,79,1.3
79,weekday,-83.688663,-142.697987,park,64,4.52
79,weekend,-75.436712,-57.365062,restaurant,62,3.95
79,weekend,87.221223,83.53453,gym,88,3.05
79,weekend,-47.530117,-99.031571,shop,88,0.77
79,weekend,65.943079,156.162882,school,50,4.17
79,weekend,22.017084,-28.891472,office,82,1.94
80,weekday,69.948899,56.813955,shop,33,1.0
80,weekday,-73.223422,-178.6576,gym,47,2.37
80,weekday,-64.529623,-37.605725,gym,69,2.99
80,weekday,-37.71099,102.157507,office,43,1.56
80,weekend,-50.430247,155.217893,gym,55,2.45
80,weekend,18.808289,140.202169,school,77,0.7
80,weekend,29.287171,-80.808485,park,30,4.52
80,weekend,10.988321,120.508997,park,24,2.22
80,weekend,85.048099,3.733999,shop,79,3.41
80,weekend,4.768652,-38.851285,shop,50,4.49
80,weekend,8.760069,-95.869101,park,92,2.01
80,weekend,79.285652,57.314441,park,26,0.89
80,weekend,-25.061872,46.781363,restaurant,87,4.9
81,weekday,29.742018,73.452718,office,35,2.66
81,weekday,-40.903516,-121.84285,school,89,2.31
81,weekday,-50.5486,-30.728976,restaurant,24,1.27
81,weekend,-35.422575,-131.163448,office,35,3.6
81,weekend,35.885018,86.328469,park,37,2.03
81,weekend,17.946352,80.603528,restaurant,38,1.07
81,weekend,-85.289854,163.569059,gym,37,3.69
81,weekend,-40.239594,-47.731723,park,74,3.65
81,weekend,58.054664,109.852356,gym,68,3.43
81,weekend,45.264347,-113.132045,gym,65,4.35
81,weekend,-86.551054,-144.757049,office,71,0.96
81,weekend,-62.565652,102.004009,gym,50,1.05
82,weekday,-79.939189,108.671486,gym,68,4.65
82,weekday,-46.298942,-22.365117,restaurant,90,2.95
82,weekday,-24.656758,19.717438,park,45,2.81
82,weekday,-44.965652,79.061021,office,7,4.13
82,weekday,-35.14942,-165.817955,shop,89,2.55
82,weekday,58.852968,109.450428,gym,41,2.25
82,weekday,-27.637128,128.496802,office,36,0.95
82,weekday,-12.890313,-37.785085,gym,59,0.93
82,weekday,-7.490571,105.373773,restaurant,11,4.2
82,weekday,-64.737318,157.390835,restaurant,14,2.85
82,weekend,34.665681,45.36151,school,25,3.94
82,weekend,12.542106,-3.408115,school,24,4.12
82,weekend,69.154181,-114.328504,office,44,1.12
83,weekday,-86.227138,15.644255,shop,15,1.07
83,weekday,49.599634,-61.254735,restaurant,85,2.36
83,weekday,72.540128,-15.383613,school,91,3.54
83,weekday,85.064994,54.699562,office,24,4.29
83,weekday,-35.976678,143.152021,shop,39,3.81
83,weekday,80.916149,-62.683255,school,57,0.81
83,weekend,61.136812,-45.409083,office,54,4.1
83,weekend,60.088368,-104.079521,office,6,1.09
83,weekend,-61.683572,109.557604,shop,77,3.76
83,weekend,-12.734355,-96.900145,shop,55,2.88
83,weekend,-23.187254,-103.058759,restaurant,2,4.1
83,weekend,-87.378685,128.480801,school,87,2.05
84,weekday,83.511013,-115.740212,restaurant,65,3.23
84,weekday,-60.488496,59.302433,restaurant,11,4.51
84,weekday,-45.613429,124.981842,shop,51,2.41
84,weekday,-78.864206,63.690109,school,10,2.8
84,weekday,-68.621613,-139.967955,shop,43,3.72
84,weekday,13.008375,35.489209,office,6,2.64
84,weekday,-75.868205,5.657784,school,71,4.7
84,weekday,85.916357,-126.054258,restaurant,32,0.97
84,weekday,9.945845,53.225108,restaurant,41,0.66
84,weekend,-20.738018,132.495841,office,12,2.63
84,weekend,-36.834485,157.779049,gym,91,1.66
84,weekend,-74.161543,-33.226109,shop,47,1.85
84,weekend,-74.539608,174.988545,park,27,4.7
84,weekend,-28.752262,31.322293,gym,97,1.86
84,weekend,21.545835,-54.381153,gym,52,1.37
84,weekend,34.24578,-42.535154,park,66,2.35
85,weekday,-74.725334,86.621322,school,84,1.02
85,weekday,42.790552,-13.188992,restaurant,47,4.33
85,weekday,8.19334,-18.055977,school,35,1.9
85,weekday,-42.61348,-11.413241,office,3,0.77
85,weekend,54.805665,-55.723907,gym,53,1.92
85,weekend,-73.356618,-58.100761,shop,45,2.95
85,weekend,53.536606,-21.440867,office,46,0.89
85,weekend,-19.62982,-88.464163,school,3,4.87
85,weekend,-77.990829,118.763032,office,34,0.63
86,weekday,41.530075,-129.196684,park,47,2.0
86,weekday,-55.997502,-137.460588,shop,29,1.64
86,weekday,89.257179,-24.605438,shop,50,2.43
86,weekend,-6.298331,-26.571412,office,43,4.62
86,weekend,-36.280375,-171.766626,office,12,1.71
86,weekend,-58.412539,-136.9724,school,94,1.67
86,weekend,54.371324,162.893064,office,64,1.31
86,weekend,70.153045,-55.078434,shop,30,1.23
86,weekend,-18.603134,168.875817,office,95,3.42
87,weekday,-62.81862,76.034753,shop,89,0.63
87,weekday,49.485582,18.298976,school,81,4.36
87,weekday,73.541909,16.36537,school,70,2.74
87,weekday,-24.30359,125.192806,school,60,1.53
87,weekend,25.58589,-132.057461,gym,68,0.68
87,weekend,16.278592,146.591487,park,90,3.48
87,weekend,61.900767,-37.402152,school,13,3.33
87,weekend,-14.48108,-168.757772,gym,59,3.03
87,weekend,73.916406,146.807191,park,70,0.79
88,weekday,-11.064911,91.621084,shop,40,2.28
88,weekday,7.060979,-73.433344,school,49,1.69
88,weekday,-68.925022,87.611539,restaurant,59,2.96
88,weekday,64.146358,-107.205445,park,27,1.5
88,weekend,63.678285,-98.546193,school,64,2.2
88,weekend,-71.449868,-3.591338,restaurant,82,0.63
88,weekend,45.672027,49.438067,gym,45,0.97
88,weekend,-70.839753,-79.129086,office,95,2.34
88,weekend,-20.789709,66.7082,school,24,4.63
88,weekend,-55.872111,78.526482,office,25,4.79
88,weekend,-66.480549,10.501625,restaurant,21,4.15
88,weekend,-37.823206,44.780563,gym,28,4.49
89,weekday,52.890391,-134.901651,shop,85,3.77
89,weekday,-46.820979,-108.624145,gym,54,3.05
89,weekday,25.186554,-112.059213,shop,65,2.19
89,weekend,20.939897,38.072073,gym,70,3.63
89,weekend,-32.204096,69.760301,park,91,3.39
89,weekend,-34.275199,108.473396,office,42,1.61
89,weekend,-60.910057,-39.645057,gym,25,2.71
89,weekend,-33.255573,-67.819274,park,70,1.44
89,weekend,0.626246,15.705183,office,51,0.99
89,weekend,81.051483,-35.980444,park,39,1.33
90,weekday,-36.000247,86.533603,school,31,4.1
90,weekday,-73.682732,140.477668,shop,35,1.06
90,weekday,1.611707,12.954424,shop,98,4.73
90,weekday,-44.933092,-57.855706,gym,38,1.12
90,weekday,17.66478,-71.968705,gym,65,1.99
90,weekday,-42.673603,89.549323,restaurant,20,1.47
90,weekday,-66.493755,61.323601,park,11,0.75
90,weekday,-78.164457,-21.897844,restaurant,77,4.4
90,weekday,-88.091802,50.844639,office,76,2.5
90,weekday,14.058978,111.648812,park,40,4.55
90,weekend,30.511496,131.427263,shop,19,2.07
90,weekend,-32.03536,67.271646,park,14,0.75
90,weekend,-22.221932,-123.239411,school,38,1.77
91,weekday,43.536212,-75.219786,office,54,1.1
91,weekday,-15.538461,124.281703,school,69,3.21
91,weekday,25.672037,-123.123509,gym,95,2.65
91,weekday,-73.832819,-24.792701,school,12,2.36
91,weekend,-50.618926,105.119562,restaurant,90,3.81
91,weekend,-7.633559,97.040758,gym,45,3.15
91,weekend,56.040958,-72.549204,gym,62,3.82
91,weekend,-85.658283,-79.173807,park,29,4.88
91,weekend,-10.364183,102.917337,school,59,3.19
91,weekend,35.276565,-130.450699,gym,20,4.06
91,weekend,-40.819089,27.220566,office,7,3.89
91,weekend,-50.258798,-166.098803,gym,76,2.89
91,weekend,80.742916,-105.194004,park,82,3.97
91,weekend,40.927396,29.446017,restaurant,61,2.75
92,weekday,81.625394,107.109996,gym,58,0.77
92,weekday,-64.603812,-2.453675,park,46,1.55
92,weekday,-34.635618,73.901239,park,90,2.52
92,weekday,23.777421,103.470462,park,48,1.49
92,weekday,-45.254908,72.990113,school,97,3.02
92,weekday,50.681219,97.383176,office,3,1.87
92,weekend,-13.96139,-4.960093,park,18,0.94
92,weekend,30.911498,-139.651264,office,98,4.26
92,weekend,-31.310458,54.494248,shop,83,4.64
92,weekend,45.4671,-174.462842,office,39,3.9
93,weekday,-2.255396,-141.295744,restaurant,1,2.44
93,weekday,35.132275,-38.403355,park,71,1.99
93,weekday,-53.962263,-168.639168,shop,48,2.61
93,weekend,6.114072,108.15309,school,24,1.18
93,weekend,65.214789,131.658348,restaurant,3,3.96
93,weekend,76.833144,-55.273569,office,80,4.56
93,weekend,26.407606,-69.915188,restaurant,39,1.72
93,weekend,24.936403,-150.129723,office,1,1.45
93,weekend,-38.65864,-128.187326,office,49,5.0
93,weekend,77.411393,-11.799859,park,9,4.66
93,weekend,-85.059819,120.455648,gym,54,2.86
93,weekend,-4.931412,104.835537,office,92,4.51
94,weekday,-49.242883,145.188461,gym,96,3.19
94,weekday,73.316228,-109.305379,park,24,1.74
94,weekday,12.052667,-53.732185,restaurant,54,3.28
94,weekday,9.293439,105.13852,office,64,4.16
94,weekday,-4.757825,106.806266,restaurant,40,1.53
94,weekday,11.276573,-0.825032,restaurant,65,2.81
94,weekend,-64.490969,124.476914,office,49,3.76
94,weekend,-13.415465,-30.147878,shop,47,3.8
94,weekend,52.152003,129.190494,park,67,1.67
94,weekend,67.223638,159.971152,gym,56,4.71
94,weekend,-17.740794,86.824029,office,35,4.69
94,weekend,-34.880488,-29.584054,school,77,3.16
94,weekend,-36.030746,-57.57592,park,66,1.35
95,weekday,-81.122484,-145.743286,school,12,4.21
95,weekday,77.828249,-12.069321,office,49,4.71
95,weekday,-73.496645,-122.681436,gym,18,1.83
95,weekday,-49.21051,-1.988768,office,1,4.22
95,weekday,23.296637,71.665203,restaurant,3,2.76
95,weekday,-80.395513,139.420316,office,51,4.52
95,weekday,21.226182,-106.957014,shop,85,3.15
95,weekday,-43.442394,163.223802,school,76,2.12
95,weekend,-42.135765,-46.122976,gym,44,3.85
95,weekend,-73.759361,-4.199423,school,9,0.53
95,weekend,49.696544,-20.955584,shop,53,2.05
95,weekend,-49.681363,-104.986222,park,33,1.36
95,weekend,-34.66955,19.188157,restaurant,80,0.77
95,weekend,46.793818,114.163562,restaurant,4,1.26
95,weekend,-58.145612,148.940636,restaurant,17,2.52
95,weekend,-22.409883,-169.892089,gym,18,2.18
95,weekend,14.793153,171.520944,gym,70,2.63
96,weekday,-16.433383,-114.786293,gym,72,1.72
96,weekday,-57.491266,-173.318467,restaurant,49,1.38
96,weekday,51.071289,-155.604929,restaurant,76,1.09
96,weekday,-43.764326,-114.475993,shop,96,4.56
96,weekday,-36.522315,59.18772,gym,68,3.66
96,weekend,-63.347308,26.363832,gym,96,1.06
96,weekend,76.48281,-117.760896,shop,98,2.56
96,weekend,50.640506,109.360116,office,27,0.81
96,weekend,65.061106,24.984912,restaurant,56,4.62
96,weekend,-34.434532,-39.851001,restaurant,27,2.49
96,weekend,77.597701,83.33807,gym,10,3.1
96,weekend,-76.288946,-22.917117,gym,26,1.77
97,weekday,-51.733231,-38.457665,school,55,3.51
97,weekday,-80.297394,-41.047358,school,59,4.23
97,weekday,32.550261,-59.914099,school,34,4.59
97,weekend,-29.938133,168.218327,restaurant,69,3.32
97,weekend,-16.819179,16.630201,park,24,2.78
97,weekend,24.967367,-39.504058,restaurant,58,1.21
98,weekday,9.016739,128.651773,shop,18,0.64
98,weekday,-67.249511,98.135444,school,35,3.85
98,weekday,-55.253176,-41.306091,school,39,3.62
98,weekend,86.386518,158.70458,school,66,4.39
98,weekend,85.467696,83.501328,shop,20,3.71
98,weekend,-65.675591,-45.188569,shop,80,3.68
98,weekend,55.663102,-119.135038,shop,10,1.67
98,weekend,70.687866,90.856168,office,26,1.17
98,weekend,68.576972,10.047825,gym,14,1.56
99,weekday,-79.277983,13.475237,restaurant,79,3.59
99,weekday,-40.003403,179.534696,school,30,3.02
99,weekday,63.178668,-62.417816,restaurant,57,3.32
99,weekend,-58.452762,179.471401,restaurant,5,3.6
99,weekend,41.442793,-131.980818,park,39,1.7
99,weekend,51.537259,33.290364,park,6,3.33
99,weekend,61.83043,-179.947599,shop,41,3.45
99,weekend,-2.540729,-79.415909,school,25,2.33
99,weekend,-89.67281,91.154908,gym,36,4.9
